pair,error_percent
AUD_CAD,0.12284010418012288
AUD_CHF,0.01733047576737021
AUD_EUR,0.03243246963244314
AUD_GBP,0.025016213131839996
AUD_JPY,0.05995671811139315
AUD_NZD,0.03987917601741374
AUD_USD,-0.09504779544683521
BHD_INR,0.006257131535241189
CAD_AUD,-0.12283363238975004
CAD_CHF,-0.1025219763071894
CAD_COP,1.888453598524478
CAD_EUR,-0.10680886733781497
CAD_GBP,-0.1137176320888025
CAD_JPY,-0.07691618821555306
CAD_NZD,-0.09018684446896262
CAD_USD,-0.22249045182574154
CHF_AUD,-0.012223793820756456
CHF_CAD,0.10930355318919763
CHF_EUR,0.002402953957368114
CHF_GBP,-0.003740868121957618
CHF_JPY,0.03828443156413476
CHF_NZD,0.023363052991470103
CHF_USD,-0.11943443933879376
CNY_USD,0.06233162905123163
COP_USD,3.95304799413839
CZK_PLN,0.38110101767304844
DKK_USD,0.024439038083520194
EGP_USD,0.7245138334769212
EUR_AUD,-0.03485115727704962
EUR_AZN,-0.0369750655728604
EUR_CAD,0.1814428056037939
EUR_CHF,-0.00866198650523885
EUR_GBP,-0.019126980327101924
EUR_JPY,0.01549261464351496
EUR_NZD,0.013575309905720888
EUR_USD,-0.004972136809654096
GBP_AUD,-0.03170459067364286
GBP_CAD,0.10012798709053965
GBP_CHF,-0.007020027168671589
GBP_EUR,-0.0034821346120941957
GBP_JPY,0.028481855323468537
GBP_NZD,0.015159407441680582
GBP_USD,-0.06190898279917636
HKD_USD,-0.0074209475730040286
HUF_USD,-0.05831046808518807
IDR_AUD,0.23615317086941923
IDR_CHF,0.13256652185149662
IDR_USD,0.20977170427872205
INR_USD,0.017556510995425913
IRR_USD,2.2374571713981526
JPY_AUD,0.10623054461568844
JPY_CAD,0.24332895771481047
JPY_CHF,-0.0898774097814301
JPY_EUR,0.05458815287130841
JPY_GBP,-0.037239051657729005
JPY_NZD,-0.03940303266191005
JPY_USD,0.02334051236811948
KRW_USD,2.3070036253599844e-06
KYD_USD,-9.103919841124694e-14
MXN_USD,-0.00328780317035687
MYR_USD,-0.003667038452180151
NIO_USD,-2.807152535285856e-06
NOK_USD,-0.006064369306847954
NZD_AUD,-0.017299177618717927
NZD_CAD,0.08909926051247548
NZD_CHF,-0.017394222888911848
NZD_EUR,0.035013827432430276
NZD_GBP,0.02887357590084865
NZD_JPY,0.06547042500644468
NZD_USD,-0.11536646502488034
PHP_USD,2.2836174380991892e-06
PLN_USD,-0.6695201427105539
PYG_USD,2.7730009758932908
RUB_USD,-3.631927938684224e-13
SAR_USD,-0.005833635178489198
SGD_USD,-0.003441677664968297
THB_GBP,0.08718423562560083
THB_USD,-0.12134497508119431
TRY_USD,0.003801788678403276
TWD_USD,0.019194472178476037
UAH_PLN,-1.8806900076112198
USD_AFN,8.953993824619148e-13
USD_ALL,-4.287442369950671e-12
USD_AMD,1.761611209853486e-13
USD_ARS,-9.840670730212876e-13
USD_AUD,0.0786370772334861
USD_AZN,0.03696139907218313
USD_BBD,1.6067549301107792e-12
USD_BDT,2.765605058124145e-12
USD_BGN,-1.1219332024254725e-13
USD_BHD,0.006257131536068002
USD_BIF,-1.1771616264597554e-12
USD_BND,1.523699721881063e-13
USD_BOB,4.803983905296275e-13
USD_BRL,6.297648922477844e-14
USD_BSD,-1.9539925233402755e-12
USD_BWP,-8.25981976843788e-13
USD_BZD,1.0195925736353479e-12
USD_CAD,0.22452226953443088
USD_CDF,-8.562739805220211e-13
USD_CHF,0.11342662406218296
USD_CLP,-2.883763688548309e-13
USD_CNY,0.062331629044694636
USD_COP,2.104333762274969
USD_CRC,-4.037493250313883e-13
USD_CUP,1.0658141036401503e-12
USD_CVE,9.38858234253062e-13
USD_CZK,0.38110101768579346
USD_DJF,2.2998341633784592e-12
USD_DKK,0.024439038078575177
USD_DOP,-1.050173225808953e-12
USD_DZD,-5.285392620847911e-13
USD_EGP,0.7245138334832182
USD_ETB,6.37037143256838e-14
USD_EUR,0.09183358478067846
USD_FJD,4.802604011128231e-13
USD_GBP,0.07233893320584855
USD_GHS,3.8827471050771133e-13
USD_GMD,-5.003822082817607e-14
USD_GNF,3.4744741416044454e-13
USD_GTQ,1.6415178713929706e-13
USD_HKD,-0.007420947577414322
USD_HNL,5.305197424523586e-13
USD_HTG,1.737268302591932e-14
USD_HUF,-0.05831046808841047
USD_IDR,0.5774055240851733
USD_ILS,9.743071738702558e-14
USD_INR,0.011300086518853827
USD_IQD,-4.69479287138037e-13
USD_IRR,2.2374571714014477
USD_ISK,-1.673615446700053e-13
USD_JMD,-9.33995800922715e-13
USD_JOD,3.2837583343492895e-13
USD_JPY,0.1304577498432563
USD_KES,-4.62763214568379e-13
USD_KHR,0.0
USD_KMF,1.4166584139765237e-14
USD_KRW,2.30699660338037e-06
USD_KWD,3.612026963677735e-13
USD_KZT,5.056044134915324e-13
USD_LAK,5.541194364985346e-13
USD_LBP,4.692798893968172e-13
USD_LKR,5.812210517465032e-13
USD_LSL,-1.7529837230923523e-13
USD_LYD,4.832490463659218e-13
USD_MAD,-1.3933771712014517e-13
USD_MDL,4.083578941150001e-13
USD_MGA,-2.385872661053057e-13
USD_MKD,5.940637981870053e-13
USD_MMK,5.356489955975393e-13
USD_MNT,3.0571250479762296e-13
USD_MOP,-3.9937577980954337e-13
USD_MUR,2.869720257512521e-13
USD_MVR,1.1278456123176192e-13
USD_MWK,4.3571527290859485e-14
USD_MXN,-0.0032878031649092154
USD_MYR,-0.0036670384432312903
USD_MZN,-3.929993007522678e-13
USD_NAD,1.8024015416774902e-13
USD_NGN,1.2729592985930133e-13
USD_NIO,-2.80714769849964e-06
USD_NOK,-0.006064369301190663
USD_NZD,0.10603370304700438
USD_OMR,8.651088728276251e-14
USD_PEN,3.357698547180271e-13
USD_PGK,2.1506274647690607e-13
USD_PHP,2.2836300984805495e-06
USD_PKR,1.8935182516338737e-13
USD_PLN,0.8108009494657578
USD_PYG,2.7730009759077365
USD_QAR,4.75770655829257e-13
USD_RON,6.74955323892008e-13
USD_RWF,2.2039593143806567e-14
USD_SAR,-0.005833635181092358
USD_SCR,4.272142470900073e-13
USD_SEK,3.418836747408863e-13
USD_SGD,-0.0034416776730693726
USD_SOS,2.665760332782721e-13
USD_SVC,3.044487270452897e-13
USD_SYP,4.218890022708889e-13
USD_SZL,1.7529837230923523e-13
USD_THB,-0.03405494576530308
USD_TND,-1.8295810143635539e-13
USD_TRY,0.003801788691704759
USD_TTD,3.0909777957167103e-13
USD_TWD,0.019194472159265046
USD_TZS,2.0334231137199617e-13
USD_UAH,-1.880690007619881
USD_UGX,1.9868808340205967e-13
USD_UYU,-2.215829829431906e-13
USD_UZS,-1.5959457011519855e-14
USD_VND,6.280646443280941e-13
USD_VUV,2.4827874584323225e-13
USD_XAF,-5.531560193535356e-13
USD_XCD,-4.1581386690080774e-13
USD_XOF,3.3189361161212135e-13
USD_XPF,3.04177202320298e-14
USD_YER,-3.0490722760586674e-13
USD_ZAR,-0.01621644374124342
ZAR_USD,-0.01621644374473413
