currency,absolute_value
ARS,9.823857234027043
AUD,7.630801905789572
BBD,4.936117915490636
BGN,6.6483077169722264
BHD,26.055598618413725
BND,6.817653145354254
BOB,1.8710237432050656
BRL,9.243318577045695
BSD,9.822874651826426
BZD,4.911437325913247
CAD,7.0534150670975055
CHF,6.715152868264652
CLP,0.02350813549538136
CNY,1.1842493491942265
COP,0.009167413848635661
CRC,0.04317557506739144
CUP,0.5169934027277102
CZK,0.3242836041011043
DJF,0.06063502871497878
DKK,1.504773932370285
DOP,0.696904906124621
DZD,0.16805602483877594
EGP,2.8950411588053218
EUR,11.181496385976109
FJD,6.944905721031209
GBP,15.949625680017778
GHS,50.63337188398388
GMD,0.9719844302222934
GTQ,1.632113425575568
HKD,1.2680048479290005
HTG,0.5866854597041431
HUF,0.054438454066872755
IDR,0.0040598779300791595
INR,0.2749940824542105
IRR,0.005597079573690318
ISK,0.13807808057107895
JMD,0.28763908204469996
JOD,13.854548364417445
JPY,0.07792534535161703
KWD,32.333360681896316
KZT,0.1306059653214535
LKR,0.16626395259476293
LYD,27.631151548565377
MAD,1.039512635782479
MDL,2.1261633445511943
MNT,0.02104886631096438
MOP,1.2271384336662232
MUR,0.4823410091739005
MXN,1.2495996699509258
MYR,3.9330829436742754
MZN,0.8746994347129577
NOK,1.388859751311566
NZD,6.805583453230957
OMR,25.513960797314603
PLN,3.1286939586249902
PYG,0.004574097625996026
QAR,2.6979989705082548
RON,14.042708178659563
RUB,1.7081978037238819
SAR,2.619084029283179
SCR,1.9588941373669508
SEK,1.2827782764383275
SGD,6.801480466382148
SVC,1.1219731184267832
TRY,73.24338533697103
TTD,1.5777183828825103
TWD,0.35551482634189396
TZS,0.015898478546242767
UGX,0.009086840565981935
USD,9.822874651826531
UYU,1.067123807911617
VND,0.0008427673331754512
VUV,0.08644233424408417
XCD,3.6381017228987065
ZAR,2.209393297592012
